candidate_id,rank,score,reasoning
CAND_0018499,1,1.000000,"Currently a Senior Machine Learning Engineer at Zomato with 7.2 years; aligns with the JD requirement for shipped retrieval/ranking systems; relevant skills include scikit-learn, Learning to Rank, Embeddings; Noida, Uttar Pradesh is a preferred India location. Availability and responsiveness: response rate 0.61, notice 15 days; strong availability and recruiter-response signals."
CAND_0011687,2,0.940852,"Senior NLP Engineer with 7.8 years at Niramai; matches the JD's emphasis on production retrieval and ranking work; relevant skills include LangChain, Semantic Search, Embeddings; Indore, Madhya Pradesh is India-based. Availability and responsiveness: response rate 0.89, notice 15 days; strong availability and recruiter-response signals."
CAND_0046525,3,0.933039,"6.1 years of experience, currently a Senior Machine Learning Engineer at Genpact AI; aligns with the JD requirement for shipped retrieval/ranking systems; notably skilled in Information Retrieval, pgvector, Sentence Transformers; Pune, Maharashtra is a preferred India location. Recruiter interaction profile: response rate 0.88, notice 60 days; strong availability and recruiter-response signals."
CAND_0002025,4,0.931136,"At Apple as a Senior AI Engineer, 5.9 years in; fits the JD's call for shipped search/ranking systems over keyword lists; hands-on with FAISS, Fine-tuning LLMs, TensorFlow; Trivandrum, Kerala is India-based. Pipeline readiness: response rate 0.80, notice 30 days; strong availability and recruiter-response signals."
CAND_0055905,5,0.921002,"8.1-year Senior Machine Learning Engineer currently at Flipkart; fits the JD's call for shipped search/ranking systems over keyword lists; core stack covers OpenSearch, Fine-tuning LLMs, Hugging Face Transformers; minor concern: London is a logistics concern. Hiring signals: response rate 0.87, notice 30 days; strong availability and recruiter-response signals."
CAND_0071974,6,0.903011,"7.8 years of experience, currently a Senior AI Engineer at Netflix; aligns with the JD requirement for shipped retrieval/ranking systems; core stack covers Elasticsearch, Qdrant, PEFT; Vizag, Andhra Pradesh is India-based. Redrob engagement: response rate 0.76, notice 45 days; strong availability and recruiter-response signals."
CAND_0088025,7,0.894504,"Staff Machine Learning Engineer with 8.6 years at Yellow.ai; matches the JD's emphasis on production retrieval and ranking work; relevant skills include Learning to Rank, Elasticsearch, LLMs; Jaipur, Rajasthan is India-based. Availability and responsiveness: response rate 0.83, notice 90 days; strong availability and recruiter-response signals."
CAND_0028793,8,0.885182,"Search Engineer with 7.2 years at Google; matches the JD's emphasis on production retrieval and ranking work; hands-on with LoRA, QLoRA, PyTorch; Trivandrum, Kerala is India-based. Platform activity: response rate 0.57, notice 120 days; strong availability and recruiter-response signals."
CAND_0081846,9,0.878533,"At Razorpay as a Lead AI Engineer, 6.7 years in; fits the JD's call for shipped search/ranking systems over keyword lists; relevant skills include Information Retrieval, Vector Search, Learning to Rank; Jaipur, Rajasthan is India-based. Engagement snapshot: response rate 0.73, notice 30 days; strong availability and recruiter-response signals."
CAND_0039754,10,0.874506,"16.2 years of experience, currently a Senior Applied Scientist at Meta; aligns with the JD requirement for shipped retrieval/ranking systems; core stack covers Python, OpenSearch, Elasticsearch; Indore, Madhya Pradesh is India-based. Redrob engagement: response rate 0.81, notice 30 days; strong availability and recruiter-response signals."
CAND_0077337,11,0.868663,"At Paytm as a Staff Machine Learning Engineer, 7.0 years in; fits the JD's call for shipped search/ranking systems over keyword lists; relevant skills include LLMs, LlamaIndex, RAG; Kochi, Kerala is India-based. Engagement snapshot: response rate 0.95, notice 60 days; strong availability and recruiter-response signals."
CAND_0005260,12,0.852619,"Currently a Senior NLP Engineer at Netflix with 5.2 years; aligns with the JD requirement for shipped retrieval/ranking systems; hands-on with Semantic Search, Python, RAG; Chennai, Tamil Nadu is India-based. Platform activity: response rate 0.86, notice 60 days; strong availability and recruiter-response signals."
CAND_0006567,13,0.847456,"7.9-year Senior AI Engineer currently at Meta; fits the JD's call for shipped search/ranking systems over keyword lists; core stack covers Ranking Systems, scikit-learn, Recommendation Systems; Noida, Uttar Pradesh is a preferred India location. Hiring signals: response rate 0.79, notice 60 days; strong availability and recruiter-response signals."
CAND_0008425,14,0.828287,"Currently a Senior NLP Engineer at Ola with 7.8 years; aligns with the JD requirement for shipped retrieval/ranking systems; relevant skills include Sentence Transformers, Recommendation Systems, Information Retrieval; Kolkata, West Bengal is India-based. Engagement snapshot: response rate 0.66, notice 90 days; usable availability signals with some recruiter-response risk."
CAND_0046064,15,0.824852,"Senior NLP Engineer (8.9 yrs), now at Salesforce; matches the JD's emphasis on production retrieval and ranking work; core stack covers PEFT, Pinecone, Elasticsearch; Coimbatore, Tamil Nadu is India-based. Redrob engagement: response rate 0.78, notice 30 days; usable availability signals with some recruiter-response risk."
CAND_0079387,16,0.812123,"6.9 years of experience, currently an AI Engineer at Microsoft; aligns with the JD requirement for shipped retrieval/ranking systems; notably skilled in Sentence Transformers, QLoRA, scikit-learn; Trivandrum, Kerala is India-based. Recruiter-facing signals: response rate 0.81, notice 30 days; strong availability and recruiter-response signals."
CAND_0041669,17,0.811280,"Recommendation Systems Engineer (8.0 yrs), now at CRED; matches the JD's emphasis on production retrieval and ranking work; notably skilled in Weaviate, Prompt Engineering, Qdrant; Noida, Uttar Pradesh is a preferred India location. Recruiter-facing signals: response rate 0.77, notice 60 days; strong availability and recruiter-response signals."
CAND_0016163,18,0.810793,"Applied ML Engineer with 6.7 years at Dream11; matches the JD's emphasis on production retrieval and ranking work; hands-on with pgvector, TensorFlow, LoRA; Gurgaon, Haryana is a preferred India location. Pipeline readiness: response rate 0.72, notice 120 days; strong availability and recruiter-response signals."
CAND_0030468,19,0.805753,"At Swiggy as a Senior Applied Scientist, 5.4 years in; fits the JD's call for shipped search/ranking systems over keyword lists; hands-on with OpenSearch, Ranking Systems, Information Retrieval Systems; Indore, Madhya Pradesh is India-based. Platform activity: response rate 0.78, notice 45 days; strong availability and recruiter-response signals."
CAND_0001610,20,0.790732,"Machine Learning Engineer (3.0 yrs), now at Dream11; matches the JD's emphasis on production retrieval and ranking work; core stack covers scikit-learn, FAISS, PyTorch; Trivandrum, Kerala is India-based. Hiring signals: response rate 0.57, notice 90 days; strong availability and recruiter-response signals."
CAND_0005538,21,0.785547,"At Adobe as a Senior AI Engineer, 5.9 years in; fits the JD's call for shipped search/ranking systems over keyword lists; hands-on with pgvector, Information Retrieval Systems, PyTorch. Platform activity: response rate 0.81, notice 90 days; strong availability and recruiter-response signals."
CAND_0069905,22,0.784627,"Applied ML Engineer with 6.6 years at Sarvam AI; matches the JD's emphasis on production retrieval and ranking work; hands-on with Python, Sentence Transformers, TensorFlow. Platform activity: response rate 0.78, notice 90 days; strong availability and recruiter-response signals."
CAND_0078002,23,0.774808,"Machine Learning Engineer with 6.3 years at Meta; matches the JD's emphasis on production retrieval and ranking work; hands-on with QLoRA, Hugging Face Transformers, LlamaIndex. Pipeline readiness: response rate 0.86, notice 60 days; strong availability and recruiter-response signals."
CAND_0050876,24,0.770814,"Applied ML Engineer (6.0 yrs), now at Freshworks; matches the JD's emphasis on production retrieval and ranking work; notably skilled in Prompt Engineering, Sentence Transformers, Qdrant. Recruiter-facing signals: response rate 0.67, notice 90 days; strong availability and recruiter-response signals."
CAND_0061257,25,0.769010,"At LinkedIn as a Staff Machine Learning Engineer, 8.0 years in; fits the JD's call for shipped search/ranking systems over keyword lists; hands-on with Vector Representations, Python, Information Retrieval Systems. Platform activity: response rate 0.87, notice 30 days; strong availability and recruiter-response signals."
CAND_0058688,26,0.767848,"AI Engineer with 6.7 years at Vedantu; matches the JD's emphasis on production retrieval and ranking work; relevant skills include LlamaIndex, QLoRA, scikit-learn. Engagement snapshot: response rate 0.74, notice 15 days; strong availability and recruiter-response signals."
CAND_0042100,27,0.761779,"Currently a Machine Learning Engineer at Freshworks with 7.3 years; aligns with the JD requirement for shipped retrieval/ranking systems; relevant skills include QLoRA, Semantic Search, LLMs. Availability and responsiveness: response rate 0.87, notice 90 days; strong availability and recruiter-response signals."
CAND_0096142,28,0.760794,"5.0 years of experience, currently an Applied ML Engineer at upGrad; aligns with the JD requirement for shipped retrieval/ranking systems; notably skilled in RAG, Weaviate, Python. Recruiter interaction profile: response rate 0.84, notice 120 days; strong availability and recruiter-response signals."
CAND_0064326,29,0.759348,"At Sarvam AI as a Search Engineer, 7.6 years in; fits the JD's call for shipped search/ranking systems over keyword lists; hands-on with RAG, Weaviate, scikit-learn. Platform activity: response rate 0.94, notice 45 days; strong availability and recruiter-response signals."
CAND_0061265,30,0.759103,"Recommendation Systems Engineer (6.6 yrs), now at Zoho; matches the JD's emphasis on production retrieval and ranking work; core stack covers Hugging Face Transformers, QLoRA, Milvus. Redrob engagement: response rate 0.94, notice 120 days; strong availability and recruiter-response signals."
CAND_0042506,31,0.758351,"Search Engineer with 4.2 years at Verloop.io; matches the JD's emphasis on production retrieval and ranking work; hands-on with FAISS, PEFT, Information Retrieval; concern: 4 years is outside the JD's 5-9 year target band. Pipeline readiness: response rate 0.48, notice 15 days; strong availability and recruiter-response signals."
CAND_0093193,32,0.743873,"Currently a Senior Machine Learning Engineer at Niramai with 7.9 years; core AI/ML stack lines up with the JD's must-have skills; hands-on with OpenSearch, Qdrant, Vector Representations. Pipeline readiness: response rate 0.61, notice 45 days; strong availability and recruiter-response signals."
CAND_0043860,33,0.742706,"At Aganitha as a Junior ML Engineer, 6.1 years in; skill profile maps strongly to the JD's core AI/ML requirements; hands-on with Semantic Search, Information Retrieval, Qdrant. Platform activity: response rate 0.81, notice 30 days; strong availability and recruiter-response signals."
CAND_0011162,34,0.741903,"Recommendation Systems Engineer with 5.8 years at upGrad; matches the JD's emphasis on production retrieval and ranking work; relevant skills include OpenSearch, FAISS, LoRA. Engagement snapshot: response rate 0.75, notice 90 days; strong availability and recruiter-response signals."
CAND_0074735,35,0.738022,"Applied ML Engineer (5.5 yrs), now at Rephrase.ai; skills cover the JD's core retrieval and ML requirements; notably skilled in Prompt Engineering, Semantic Search, RAG. Recruiter-facing signals: response rate 0.77, notice 90 days; strong availability and recruiter-response signals."
CAND_0030348,36,0.729068,"4.5-year Machine Learning Engineer currently at BYJU'S; fits the JD's call for shipped search/ranking systems over keyword lists; notably skilled in pgvector, Python, Vector Search. Recruiter-facing signals: response rate 0.54, notice 45 days; strong availability and recruiter-response signals."
CAND_0005649,37,0.729051,"7.4-year Senior Data Scientist currently at Sarvam AI; fits the JD's call for shipped search/ranking systems over keyword lists; core stack covers Information Retrieval, QLoRA, RAG. Hiring signals: response rate 0.57, notice 90 days; strong availability and recruiter-response signals."
CAND_0027691,38,0.728037,"Currently an NLP Engineer at Haptik with 6.5 years; aligns with the JD requirement for shipped retrieval/ranking systems; hands-on with Recommendation Systems, QLoRA, Weaviate. Pipeline readiness: response rate 0.68, notice 15 days; usable availability signals with some recruiter-response risk."
CAND_0018722,39,0.726631,"Recommendation Systems Engineer (6.6 yrs), now at Saarthi.ai; matches the JD's emphasis on production retrieval and ranking work; core stack covers Hugging Face Transformers, TensorFlow, scikit-learn. Redrob engagement: response rate 0.79, notice 90 days; strong availability and recruiter-response signals."
CAND_0099806,40,0.724605,"AI Engineer (4.6 yrs), now at Mad Street Den; matches the JD's emphasis on production retrieval and ranking work; core stack covers Qdrant, Prompt Engineering, FAISS. Hiring signals: response rate 0.76, notice 30 days; strong availability and recruiter-response signals."
CAND_0070398,41,0.723048,"At Genpact AI as a Machine Learning Engineer, 7.2 years in; fits the JD's call for shipped search/ranking systems over keyword lists; relevant skills include LoRA, FAISS, PyTorch. Engagement snapshot: response rate 0.60, notice 120 days; usable availability signals with some recruiter-response risk."
CAND_0074225,42,0.715749,"Machine Learning Engineer (4.3 yrs), now at Unacademy; skills cover the JD's core retrieval and ML requirements; core stack covers Python, Milvus, Vector Search; concern: 4 years is outside the JD's 5-9 year target band. Redrob engagement: response rate 0.91, notice 120 days; strong availability and recruiter-response signals."
CAND_0011432,43,0.711626,"Senior Data Scientist with 7.6 years at Amazon; skills cover the JD's core retrieval and ML requirements; relevant skills include OpenSearch, PEFT, Elasticsearch. Engagement snapshot: response rate 0.67, notice 60 days; strong availability and recruiter-response signals."
CAND_0054394,44,0.710366,"Currently a Recommendation Systems Engineer at PharmEasy with 4.1 years; aligns with the JD requirement for shipped retrieval/ranking systems; hands-on with Fine-tuning LLMs, Prompt Engineering, scikit-learn; concern: 4 years is outside the JD's 5-9 year target band. Pipeline readiness: response rate 0.64, notice 30 days; strong availability and recruiter-response signals."
CAND_0006418,45,0.703380,"Currently a Machine Learning Engineer at Verloop.io with 5.7 years; aligns with the JD requirement for shipped retrieval/ranking systems; relevant skills include Elasticsearch, OpenSearch, Qdrant. Engagement snapshot: response rate 0.92, notice 60 days; strong availability and recruiter-response signals."
CAND_0039383,46,0.702879,"Applied ML Engineer (7.1 yrs), now at Meesho; matches the JD's emphasis on production retrieval and ranking work; notably skilled in FAISS, LoRA, Recommendation Systems. Recruiter-facing signals: response rate 0.61, notice 90 days; usable availability signals with some recruiter-response risk."
CAND_0026532,47,0.701600,"4.8-year Recommendation Systems Engineer currently at Zomato; fits the JD's call for shipped search/ranking systems over keyword lists; notably skilled in Information Retrieval, Embeddings, pgvector. Recruiter-facing signals: response rate 0.52, notice 90 days; usable availability signals with some recruiter-response risk."
CAND_0098846,48,0.701547,"AI Engineer with 7.6 years at upGrad; matches the JD's emphasis on production retrieval and ranking work; relevant skills include Qdrant, Recommendation Systems, PEFT. Engagement snapshot: response rate 0.62, notice 45 days; strong availability and recruiter-response signals."
CAND_0052328,49,0.701221,"Recommendation Systems Engineer (6.5 yrs), now at Amazon; skills cover the JD's core retrieval and ML requirements; core stack covers QLoRA, Learning to Rank, Sentence Transformers. Redrob engagement: response rate 0.79, notice 30 days; strong availability and recruiter-response signals."
CAND_0004402,50,0.700156,"6.0 years of experience, currently an AI Research Engineer at Yellow.ai; core AI/ML stack lines up with the JD's must-have skills; notably skilled in PEFT, PyTorch, Learning to Rank. Recruiter-facing signals: response rate 0.83, notice 60 days; strong availability and recruiter-response signals."
CAND_0067866,51,0.699873,"At Tech Mahindra as a Senior Software Engineer (ML), 6.4 years in; skill profile maps strongly to the JD's core AI/ML requirements; hands-on with Elasticsearch, Qdrant, pgvector. Pipeline readiness: response rate 0.79, notice 45 days; strong availability and recruiter-response signals."
CAND_0081053,52,0.698636,"NLP Engineer with 5.4 years at Glance; matches the JD's emphasis on production retrieval and ranking work; hands-on with Weaviate, QLoRA, OpenSearch. Pipeline readiness: response rate 0.83, notice 90 days; usable availability signals with some recruiter-response risk."
CAND_0080344,53,0.697005,"Currently a Senior Software Engineer (ML) at Zoho with 4.9 years; core AI/ML stack lines up with the JD's must-have skills; relevant skills include Sentence Transformers, LLMs, PyTorch. Engagement snapshot: response rate 0.70, notice 90 days; strong availability and recruiter-response signals."
CAND_0052744,54,0.692876,"4.9 years of experience, currently a Senior Software Engineer (ML) at Niramai; core AI/ML stack lines up with the JD's must-have skills; notably skilled in Sentence Transformers, Pinecone, PEFT. Recruiter interaction profile: response rate 0.79, notice 90 days; strong availability and recruiter-response signals."
CAND_0065878,55,0.692763,"7.8 years of experience, currently a Senior Data Scientist at Niramai; aligns with the JD requirement for shipped retrieval/ranking systems; notably skilled in Recommendation Systems, Vector Search, scikit-learn. Recruiter-facing signals: response rate 0.48, notice 15 days; usable availability signals with some recruiter-response risk."
CAND_0049896,56,0.689481,"7.3-year Search Engineer currently at Unacademy; fits the JD's call for shipped search/ranking systems over keyword lists; core stack covers Information Retrieval, PyTorch, LangChain. Redrob engagement: response rate 0.43, notice 90 days; strong availability and recruiter-response signals."
CAND_0057563,57,0.687543,"NLP Engineer (6.8 yrs), now at Locobuzz; matches the JD's emphasis on production retrieval and ranking work; notably skilled in Prompt Engineering, Hugging Face Transformers, RAG; concern: not marked open-to-work. Recruiter-facing signals: response rate 0.83, notice 60 days; usable availability signals with some recruiter-response risk."
CAND_0053605,58,0.687309,"Currently a Senior Software Engineer (ML) at Verloop.io with 6.9 years; core AI/ML stack lines up with the JD's must-have skills; relevant skills include RAG, pgvector, Semantic Search. Engagement snapshot: response rate 0.88, notice 30 days; strong availability and recruiter-response signals."
CAND_0053591,59,0.686781,"AI Engineer with 5.3 years at Ola; matches the JD's emphasis on production retrieval and ranking work; relevant skills include Sentence Transformers, Embeddings, LangChain; concern: Toronto is a logistics concern. Availability and responsiveness: response rate 0.81, notice 60 days; strong availability and recruiter-response signals."
CAND_0014440,60,0.684844,"Currently a Recommendation Systems Engineer at CRED with 6.4 years; aligns with the JD requirement for shipped retrieval/ranking systems; hands-on with FAISS, TensorFlow, Milvus. Platform activity: response rate 0.64, notice 60 days; strong availability and recruiter-response signals."
CAND_0041610,61,0.682735,"6.7-year Recommendation Systems Engineer currently at Zoho; fits the JD's call for shipped search/ranking systems over keyword lists; core stack covers OpenSearch, Embeddings, Elasticsearch. Redrob engagement: response rate 0.52, notice 30 days; strong availability and recruiter-response signals."
CAND_0017960,62,0.679489,"Recommendation Systems Engineer with 7.7 years at Nykaa; matches the JD's emphasis on production retrieval and ranking work; relevant skills include Python, QLoRA, Information Retrieval. Availability and responsiveness: response rate 0.72, notice 60 days; usable availability signals with some recruiter-response risk."
CAND_0083852,63,0.676536,"Data Scientist (6.0 yrs), now at Mad Street Den; skills cover the JD's core retrieval and ML requirements; notably skilled in Sentence Transformers, Prompt Engineering, Qdrant. Recruiter-facing signals: response rate 0.85, notice 90 days; strong availability and recruiter-response signals."
CAND_0010685,64,0.676377,"NLP Engineer (6.7 yrs), now at Rephrase.ai; matches the JD's emphasis on production retrieval and ranking work; core stack covers Elasticsearch, RAG, LlamaIndex. Redrob engagement: response rate 0.83, notice 30 days; usable availability signals with some recruiter-response risk."
CAND_0064888,65,0.674699,"5.8 years of experience, currently an ML Engineer at Verloop.io; aligns with the JD requirement for shipped retrieval/ranking systems; notably skilled in TensorFlow, pgvector, Embeddings. Recruiter-facing signals: response rate 0.92, notice 30 days; strong availability and recruiter-response signals."
CAND_0024620,66,0.671499,"AI Engineer (5.9 yrs), now at PharmEasy; matches the JD's emphasis on production retrieval and ranking work; notably skilled in Python, QLoRA, Elasticsearch. Recruiter interaction profile: response rate 0.41, notice 45 days; strong availability and recruiter-response signals."
CAND_0007412,67,0.671114,"Applied ML Engineer (7.4 yrs), now at Zoho; matches the JD's emphasis on production retrieval and ranking work; notably skilled in Milvus, scikit-learn, Pinecone. Recruiter interaction profile: response rate 0.76, notice 120 days; strong availability and recruiter-response signals."
CAND_0076831,68,0.670715,"Currently a Search Engineer at Krutrim with 4.0 years; aligns with the JD requirement for shipped retrieval/ranking systems; hands-on with Milvus, PyTorch, Fine-tuning LLMs; concern: 4 years is outside the JD's 5-9 year target band. Pipeline readiness: response rate 0.50, notice 90 days; strong availability and recruiter-response signals."
CAND_0010770,69,0.670518,"At Aganitha as a Recommendation Systems Engineer, 15.2 years in; fits the JD's call for shipped search/ranking systems over keyword lists; relevant skills include pgvector, Qdrant, LlamaIndex. Availability and responsiveness: response rate 0.73, notice 30 days; strong availability and recruiter-response signals."
CAND_0030784,70,0.668705,"4.4 years of experience, currently a Data Scientist at Yellow.ai; core AI/ML stack lines up with the JD's must-have skills; notably skilled in Python, QLoRA, Embeddings. Recruiter interaction profile: response rate 0.90, notice 90 days; strong availability and recruiter-response signals."
CAND_0052682,71,0.664122,"NLP Engineer with 6.6 years at Aganitha; matches the JD's emphasis on production retrieval and ranking work. Availability and responsiveness: response rate 0.88, notice 30 days; strong availability and recruiter-response signals."
CAND_0010603,72,0.663482,"5.3 years of experience, currently an ML Engineer at BYJU'S; core AI/ML stack lines up with the JD's must-have skills. Recruiter-facing signals: response rate 0.94, notice 90 days; strong availability and recruiter-response signals."
CAND_0075574,73,0.662279,"5.7 years of experience, currently a Machine Learning Engineer at Haptik; aligns with the JD requirement for shipped retrieval/ranking systems. Redrob engagement: response rate 0.58, notice 60 days; strong availability and recruiter-response signals."
CAND_0077296,74,0.662186,"Currently a Computer Vision Engineer at Ola with 5.8 years; trajectory is consistent with the JD's senior IC target. Availability and responsiveness: response rate 0.50, notice 45 days; strong availability and recruiter-response signals."
CAND_0083879,75,0.662069,"Machine Learning Engineer with 7.1 years at Ola; matches the JD's emphasis on production retrieval and ranking work. Engagement snapshot: response rate 0.47, notice 30 days; usable availability signals with some recruiter-response risk."
CAND_0010257,76,0.657711,"At Google as a Senior Data Scientist, 6.5 years in; fits the JD's call for shipped search/ranking systems over keyword lists. Availability and responsiveness: response rate 0.72, notice 120 days; usable availability signals with some recruiter-response risk."
CAND_0057701,77,0.651598,"Recommendation Systems Engineer (4.1 yrs), now at Verloop.io; concern: 4 years is outside the JD's 5-9 year target band; matches the JD's emphasis on production retrieval and ranking work. Redrob engagement: response rate 0.56, notice 120 days; strong availability and recruiter-response signals."
CAND_0048558,78,0.645321,"6.7-year Data Scientist currently at Rephrase.ai; career path tracks toward the JD's Senior AI Engineer profile. Recruiter interaction profile: response rate 0.80, notice 30 days; strong availability and recruiter-response signals."
CAND_0016659,79,0.644403,"At Glance as an ML Engineer, 4.4 years in; skill profile maps strongly to the JD's core AI/ML requirements. Engagement snapshot: response rate 0.89, notice 45 days; strong availability and recruiter-response signals."
CAND_0039838,80,0.641568,"Currently a Recommendation Systems Engineer at Amazon with 4.9 years; aligns with the JD requirement for shipped retrieval/ranking systems. Availability and responsiveness: response rate 0.80, notice 90 days; usable availability signals with some recruiter-response risk."
CAND_0027801,81,0.637167,"7.4-year NLP Engineer currently at InMobi; fits the JD's call for shipped search/ranking systems over keyword lists. Recruiter-facing signals: response rate 0.65, notice 120 days; usable availability signals with some recruiter-response risk."
CAND_0053527,82,0.635958,"7.0 years of experience, currently a Junior ML Engineer at PhonePe; core AI/ML stack lines up with the JD's must-have skills. Recruiter interaction profile: response rate 0.81, notice 90 days; strong availability and recruiter-response signals."
CAND_0043676,83,0.633836,"Senior Software Engineer (ML) (6.1 yrs), now at Observe.AI; skills cover the JD's core retrieval and ML requirements. Recruiter-facing signals: response rate 0.65, notice 30 days; strong availability and recruiter-response signals."
CAND_0037944,84,0.632499,"At Vedantu as a Senior Data Scientist, 4.9 years in; fits the JD's call for shipped search/ranking systems over keyword lists. Engagement snapshot: response rate 0.42, notice 30 days; usable availability signals with some recruiter-response risk."
CAND_0068811,85,0.628532,"8.0-year Applied ML Engineer currently at Freshworks; fits the JD's call for shipped search/ranking systems over keyword lists. Hiring signals: response rate 0.42, notice 30 days; usable availability signals with some recruiter-response risk."
CAND_0075439,86,0.624746,"4.3 years of experience, currently a Machine Learning Engineer at Flipkart; concern: not marked open-to-work; concern: 4 years is outside the JD's 5-9 year target band; aligns with the JD requirement for shipped retrieval/ranking systems. Redrob engagement: response rate 0.56, notice 30 days; usable availability signals with some recruiter-response risk."
CAND_0009024,87,0.622870,"At Google as a Search Engineer, 5.2 years in; fits the JD's call for shipped search/ranking systems over keyword lists. Availability and responsiveness: response rate 0.46, notice 30 days; usable availability signals with some recruiter-response risk."
CAND_0068932,88,0.621976,"5.2 years of experience, currently an ML Engineer at Krutrim; core AI/ML stack lines up with the JD's must-have skills. Redrob engagement: response rate 0.82, notice 30 days; strong availability and recruiter-response signals."
CAND_0094165,89,0.621908,"Currently an AI Research Engineer at PhonePe with 5.8 years; core AI/ML stack lines up with the JD's must-have skills. Pipeline readiness: response rate 0.78, notice 90 days; strong availability and recruiter-response signals."
CAND_0097176,90,0.620129,"5.9-year ML Engineer currently at TCS; skill profile maps strongly to the JD's core AI/ML requirements. Recruiter interaction profile: response rate 0.76, notice 30 days; strong availability and recruiter-response signals."
CAND_0044855,91,0.619289,"Senior Data Scientist (6.6 yrs), now at Flipkart; concern: not marked open-to-work; matches the JD's emphasis on production retrieval and ranking work. Recruiter-facing signals: response rate 0.57, notice 60 days; usable availability signals with some recruiter-response risk."
CAND_0091909,92,0.619224,"6.9 years of experience, currently a Machine Learning Engineer at Rephrase.ai; aligns with the JD requirement for shipped retrieval/ranking systems. Redrob engagement: response rate 0.65, notice 45 days; usable availability signals with some recruiter-response risk."
CAND_0060054,93,0.618955,"At Mad Street Den as an AI Engineer, 6.4 years in; concern: not marked open-to-work; fits the JD's call for shipped search/ranking systems over keyword lists. Availability and responsiveness: response rate 0.86, notice 15 days; usable availability signals with some recruiter-response risk."
CAND_0024466,94,0.618759,"5.2 years of experience, currently a Search Engineer at PharmEasy; aligns with the JD requirement for shipped retrieval/ranking systems. Recruiter interaction profile: response rate 0.47, notice 120 days; usable availability signals with some recruiter-response risk."
CAND_0072660,95,0.616785,"At Unacademy as a Machine Learning Engineer, 7.1 years in; concern: Berlin is a logistics concern; fits the JD's call for shipped search/ranking systems over keyword lists. Platform activity: response rate 0.53, notice 30 days; strong availability and recruiter-response signals."
CAND_0075249,96,0.615329,"At Zomato as an Applied ML Engineer, 6.2 years in; fits the JD's call for shipped search/ranking systems over keyword lists. Engagement snapshot: response rate 0.82, notice 45 days; usable availability signals with some recruiter-response risk."
CAND_0061655,97,0.613625,"Machine Learning Engineer with 4.6 years at Krutrim; concern: not marked open-to-work; matches the JD's emphasis on production retrieval and ranking work. Availability and responsiveness: response rate 0.88, notice 15 days; usable availability signals with some recruiter-response risk."
CAND_0065195,98,0.612183,"Search Engineer (5.1 yrs), now at CRED; skills cover the JD's core retrieval and ML requirements. Recruiter-facing signals: response rate 0.80, notice 45 days; usable availability signals with some recruiter-response risk."
CAND_0070525,99,0.611407,"Currently a Senior Software Engineer (ML) at Mad Street Den with 5.4 years; core AI/ML stack lines up with the JD's must-have skills. Engagement snapshot: response rate 0.93, notice 45 days; strong availability and recruiter-response signals."
CAND_0044222,100,0.610707,"AI Engineer (7.7 yrs), now at PolicyBazaar; concern: current title is not a strong match for the role; matches the JD's emphasis on production retrieval and ranking work. Recruiter interaction profile: response rate 0.60, notice 60 days; strong availability and recruiter-response signals."
